PRAGMA foreign_keys=OFF;
BEGIN TRANSACTION;
CREATE TABLE IF NOT EXISTS "django_migrations" ("id" integer NOT NULL PRIMARY KEY AUTOINCREMENT, "app" varchar(255) NOT NULL, "name" varchar(255) NOT NULL, "applied" datetime NOT NULL);
INSERT INTO django_migrations VALUES(1,'contenttypes','0001_initial','2023-07-15 13:46:59.703150');
INSERT INTO django_migrations VALUES(2,'auth','0001_initial','2023-07-15 13:46:59.729456');
INSERT INTO django_migrations VALUES(3,'admin','0001_initial','2023-07-15 13:46:59.760935');
INSERT INTO django_migrations VALUES(4,'admin','0002_logentry_remove_auto_add','2023-07-15 13:46:59.774920');
INSERT INTO django_migrations VALUES(5,'admin','0003_logentry_add_action_flag_choices','2023-07-15 13:46:59.789076');
INSERT INTO django_migrations VALUES(6,'contenttypes','0002_remove_content_type_name','2023-07-15 13:46:59.809343');
INSERT INTO django_migrations VALUES(7,'auth','0002_alter_permission_name_max_length','2023-07-15 13:46:59.825533');
INSERT INTO django_migrations VALUES(8,'auth','0003_alter_user_email_max_length','2023-07-15 13:46:59.839403');
INSERT INTO django_migrations VALUES(9,'auth','0004_alter_user_username_opts','2023-07-15 13:46:59.852919');
INSERT INTO django_migrations VALUES(10,'auth','0005_alter_user_last_login_null','2023-07-15 13:46:59.866777');
INSERT INTO django_migrations VALUES(11,'auth','0006_require_contenttypes_0002','2023-07-15 13:46:59.874324');
INSERT INTO django_migrations VALUES(12,'auth','0007_alter_validators_add_error_messages','2023-07-15 13:46:59.884978');
INSERT INTO django_migrations VALUES(13,'auth','0008_alter_user_username_max_length','2023-07-15 13:46:59.897033');
INSERT INTO django_migrations VALUES(14,'auth','0009_alter_user_last_name_max_length','2023-07-15 13:46:59.907960');
INSERT INTO django_migrations VALUES(15,'auth','0010_alter_group_name_max_length','2023-07-15 13:46:59.918773');
INSERT INTO django_migrations VALUES(16,'auth','0011_update_proxy_permissions','2023-07-15 13:46:59.928605');
INSERT INTO django_migrations VALUES(17,'auth','0012_alter_user_first_name_max_length','2023-07-15 13:46:59.940201');
INSERT INTO django_migrations VALUES(18,'guilds','0001_initial','2023-07-15 13:46:59.960773');
INSERT INTO django_migrations VALUES(19,'sessions','0001_initial','2023-07-15 13:46:59.978477');
INSERT INTO django_migrations VALUES(20,'users','0001_initial','2023-07-15 13:46:59.998655');
INSERT INTO django_migrations VALUES(21,'users','0002_discorduser_joined_at','2023-07-15 13:47:00.011450');
CREATE TABLE IF NOT EXISTS "auth_group_permissions" ("id" integer NOT NULL PRIMARY KEY AUTOINCREMENT, "group_id" integer NOT NULL REFERENCES "auth_group" ("id") DEFERRABLE INITIALLY DEFERRED, "permission_id" integer NOT NULL REFERENCES "auth_permission" ("id") DEFERRABLE INITIALLY DEFERRED);
CREATE TABLE IF NOT EXISTS "auth_user_groups" ("id" integer NOT NULL PRIMARY KEY AUTOINCREMENT, "user_id" integer NOT NULL REFERENCES "auth_user" ("id") DEFERRABLE INITIALLY DEFERRED, "group_id" integer NOT NULL REFERENCES "auth_group" ("id") DEFERRABLE INITIALLY DEFERRED);
CREATE TABLE IF NOT EXISTS "auth_user_user_permissions" ("id" integer NOT NULL PRIMARY KEY AUTOINCREMENT, "user_id" integer NOT NULL REFERENCES "auth_user" ("id") DEFERRABLE INITIALLY DEFERRED, "permission_id" integer NOT NULL REFERENCES "auth_permission" ("id") DEFERRABLE INITIALLY DEFERRED);
CREATE TABLE IF NOT EXISTS "django_admin_log" ("id" integer NOT NULL PRIMARY KEY AUTOINCREMENT, "object_id" text NULL, "object_repr" varchar(200) NOT NULL, "action_flag" smallint unsigned NOT NULL CHECK ("action_flag" >= 0), "change_message" text NOT NULL, "content_type_id" integer NULL REFERENCES "django_content_type" ("id") DEFERRABLE INITIALLY DEFERRED, "user_id" integer NOT NULL REFERENCES "auth_user" ("id") DEFERRABLE INITIALLY DEFERRED, "action_time" datetime NOT NULL);
INSERT INTO django_admin_log VALUES(1,'1023653693461106831','TestBotDiabloResurected',2,'[{"changed": {"fields": ["Terror channel", "Max time", "Clone channel", "Fasttrade channel", "Fasttrade channel role"]}}]',11,1,'2023-07-15 13:49:32.453127');
INSERT INTO django_admin_log VALUES(2,'1023653693461106831','TestBotDiabloResurected',2,'[]',11,1,'2023-07-15 13:52:12.457193');
CREATE TABLE IF NOT EXISTS "django_content_type" ("id" integer NOT NULL PRIMARY KEY AUTOINCREMENT, "app_label" varchar(100) NOT NULL, "model" varchar(100) NOT NULL);
INSERT INTO django_content_type VALUES(1,'admin','logentry');
INSERT INTO django_content_type VALUES(2,'auth','permission');
INSERT INTO django_content_type VALUES(3,'auth','group');
INSERT INTO django_content_type VALUES(4,'auth','user');
INSERT INTO django_content_type VALUES(5,'contenttypes','contenttype');
INSERT INTO django_content_type VALUES(6,'sessions','session');
INSERT INTO django_content_type VALUES(7,'users','discorduser');
INSERT INTO django_content_type VALUES(8,'guilds','channels');
INSERT INTO django_content_type VALUES(9,'guilds','roles');
INSERT INTO django_content_type VALUES(10,'guilds','terrorzones');
INSERT INTO django_content_type VALUES(11,'guilds','settings');
CREATE TABLE IF NOT EXISTS "auth_permission" ("id" integer NOT NULL PRIMARY KEY AUTOINCREMENT, "content_type_id" integer NOT NULL REFERENCES "django_content_type" ("id") DEFERRABLE INITIALLY DEFERRED, "codename" varchar(100) NOT NULL, "name" varchar(255) NOT NULL);
INSERT INTO auth_permission VALUES(1,1,'add_logentry','Can add log entry');
INSERT INTO auth_permission VALUES(2,1,'change_logentry','Can change log entry');
INSERT INTO auth_permission VALUES(3,1,'delete_logentry','Can delete log entry');
INSERT INTO auth_permission VALUES(4,1,'view_logentry','Can view log entry');
INSERT INTO auth_permission VALUES(5,2,'add_permission','Can add permission');
INSERT INTO auth_permission VALUES(6,2,'change_permission','Can change permission');
INSERT INTO auth_permission VALUES(7,2,'delete_permission','Can delete permission');
INSERT INTO auth_permission VALUES(8,2,'view_permission','Can view permission');
INSERT INTO auth_permission VALUES(9,3,'add_group','Can add group');
INSERT INTO auth_permission VALUES(10,3,'change_group','Can change group');
INSERT INTO auth_permission VALUES(11,3,'delete_group','Can delete group');
INSERT INTO auth_permission VALUES(12,3,'view_group','Can view group');
INSERT INTO auth_permission VALUES(13,4,'add_user','Can add user');
INSERT INTO auth_permission VALUES(14,4,'change_user','Can change user');
INSERT INTO auth_permission VALUES(15,4,'delete_user','Can delete user');
INSERT INTO auth_permission VALUES(16,4,'view_user','Can view user');
INSERT INTO auth_permission VALUES(17,5,'add_contenttype','Can add content type');
INSERT INTO auth_permission VALUES(18,5,'change_contenttype','Can change content type');
INSERT INTO auth_permission VALUES(19,5,'delete_contenttype','Can delete content type');
INSERT INTO auth_permission VALUES(20,5,'view_contenttype','Can view content type');
INSERT INTO auth_permission VALUES(21,6,'add_session','Can add session');
INSERT INTO auth_permission VALUES(22,6,'change_session','Can change session');
INSERT INTO auth_permission VALUES(23,6,'delete_session','Can delete session');
INSERT INTO auth_permission VALUES(24,6,'view_session','Can view session');
INSERT INTO auth_permission VALUES(25,7,'add_discorduser','Can add DiscordUser');
INSERT INTO auth_permission VALUES(26,7,'change_discorduser','Can change DiscordUser');
INSERT INTO auth_permission VALUES(27,7,'delete_discorduser','Can delete DiscordUser');
INSERT INTO auth_permission VALUES(28,7,'view_discorduser','Can view DiscordUser');
INSERT INTO auth_permission VALUES(29,8,'add_channels','Can add Channels');
INSERT INTO auth_permission VALUES(30,8,'change_channels','Can change Channels');
INSERT INTO auth_permission VALUES(31,8,'delete_channels','Can delete Channels');
INSERT INTO auth_permission VALUES(32,8,'view_channels','Can view Channels');
INSERT INTO auth_permission VALUES(33,9,'add_roles','Can add Roles');
INSERT INTO auth_permission VALUES(34,9,'change_roles','Can change Roles');
INSERT INTO auth_permission VALUES(35,9,'delete_roles','Can delete Roles');
INSERT INTO auth_permission VALUES(36,9,'view_roles','Can view Roles');
INSERT INTO auth_permission VALUES(37,10,'add_terrorzones','Can add Terror Zones');
INSERT INTO auth_permission VALUES(38,10,'change_terrorzones','Can change Terror Zones');
INSERT INTO auth_permission VALUES(39,10,'delete_terrorzones','Can delete Terror Zones');
INSERT INTO auth_permission VALUES(40,10,'view_terrorzones','Can view Terror Zones');
INSERT INTO auth_permission VALUES(41,11,'add_settings','Can add Settings');
INSERT INTO auth_permission VALUES(42,11,'change_settings','Can change Settings');
INSERT INTO auth_permission VALUES(43,11,'delete_settings','Can delete Settings');
INSERT INTO auth_permission VALUES(44,11,'view_settings','Can view Settings');
CREATE TABLE IF NOT EXISTS "auth_group" ("id" integer NOT NULL PRIMARY KEY AUTOINCREMENT, "name" varchar(150) NOT NULL UNIQUE);
CREATE TABLE IF NOT EXISTS "auth_user" ("id" integer NOT NULL PRIMARY KEY AUTOINCREMENT, "password" varchar(128) NOT NULL, "last_login" datetime NULL, "is_superuser" bool NOT NULL, "username" varchar(150) NOT NULL UNIQUE, "last_name" varchar(150) NOT NULL, "email" varchar(254) NOT NULL, "is_staff" bool NOT NULL, "is_active" bool NOT NULL, "date_joined" datetime NOT NULL, "first_name" varchar(150) NOT NULL);
INSERT INTO auth_user VALUES(1,'pbkdf2_sha256$390000$43KUVYApWAAiniCHyW6Mwz$TJQA9fNxbOGrIs7B8WwxDGJbyQT8AWiO2AgzPcqk+PI=','2023-07-15 13:49:01.691104',1,'admin','','',1,1,'2023-07-15 13:47:45.420917','');
CREATE TABLE IF NOT EXISTS "guilds_channels" ("id" bigint NOT NULL PRIMARY KEY, "name" varchar(150) NOT NULL);
INSERT INTO guilds_channels VALUES(1023653693956038659,'основной');
INSERT INTO guilds_channels VALUES(1023653693956038660,'Основной');
INSERT INTO guilds_channels VALUES(1023919449356640266,'clone-diablo');
INSERT INTO guilds_channels VALUES(1037360242683559976,'terror-zone');
INSERT INTO guilds_channels VALUES(1043231023560933406,'fast-trade');
INSERT INTO guilds_channels VALUES(1055051523303952494,'test-text-channel');
CREATE TABLE IF NOT EXISTS "guilds_roles" ("id" bigint NOT NULL PRIMARY KEY, "name" varchar(150) NOT NULL);
INSERT INTO guilds_roles VALUES(1023653693461106831,'@everyone');
INSERT INTO guilds_roles VALUES(1077218896475594874,'T1_Zone_Jail');
INSERT INTO guilds_roles VALUES(1077214624652476418,'Gold Role');
INSERT INTO guilds_roles VALUES(1077212858833702922,'MEE6');
INSERT INTO guilds_roles VALUES(1076652893618315376,'JuniperBot');
INSERT INTO guilds_roles VALUES(1056903045042163762,'test-role-3');
INSERT INTO guilds_roles VALUES(1055836066483011676,'BotDiabloTerrorZone');
INSERT INTO guilds_roles VALUES(1052226061271842908,'fast_trade');
INSERT INTO guilds_roles VALUES(1044356969537998908,'TZone A1 - Cold Plains & Cave');
INSERT INTO guilds_roles VALUES(1044345376129425468,'TZone A5 - Frigid Highlands');
INSERT INTO guilds_roles VALUES(1044335075166277643,'TZone A1 - Blood Moor & Den of Evil');
INSERT INTO guilds_roles VALUES(1036936360063401984,'Администратор');
CREATE TABLE IF NOT EXISTS "guilds_terrorzones" ("key" varchar(255) NOT NULL PRIMARY KEY, "name_en" varchar(150) NULL, "name_ru" varchar(150) NULL, "act" varchar(5) NULL, "immunities_en" text NULL, "immunities_ru" text NULL, "boss_packs" varchar(25) NULL, "super_uniques" varchar(200) NULL, "sparkly_chests" integer unsigned NULL CHECK ("sparkly_chests" >= 0), "role_id" bigint NULL REFERENCES "guilds_roles" ("id") DEFERRABLE INITIALLY DEFERRED);
INSERT INTO guilds_terrorzones VALUES('Ancient Tunnels','Ancient Tunnels','Древние тунели','II','Fire, Lighting, Poison, Magic','Огонь, Молния, Яд, Магический','6-8',NULL,NULL,NULL);
INSERT INTO guilds_terrorzones VALUES('Ancient''s Way and Icy Cellar','Ancient''s Way and Icy Cellar','Путь Древних и Ледяной грот','V','Cold, Lighting, Poison, Physical','Холод, Молния, Яд, Физический','6-8','Snapchip Shatter',1,NULL);
INSERT INTO guilds_terrorzones VALUES('Arcane Sanctuary','Arcane Sanctuary','Магическое убежище','II','Fire, Cold, Lighting, Poison, Physical','Огонь, Холод, Молния, Яд, Физический','7-9','The Summoner',NULL,NULL);
INSERT INTO guilds_terrorzones VALUES('Arreat Plateau and Pit of Acheron','Arreat Plateau and Pit of Acheron','Арреатское плато и Яма Ашерона','V','Fire, Lightning, Cold, Poison','Огонь, Молниия, Холод, Яд','15-19','Thresh Socket',NULL,NULL);
INSERT INTO guilds_terrorzones VALUES('Black Marsh and The Hole','Black Marsh and The Hole','Черная топь и дыра','I','Fire, Cold, Lightning, Poison','Огонь, Холод, Молния, Яд','15-20',NULL,1,NULL);
INSERT INTO guilds_terrorzones VALUES('Blood Moor and Den of Evil','Blood Moor and Den of Evil','Кровавая пустошь и Логово зла','I','Fire, Cold','Огонь, Лёд','7-9','Corpsefire',0,NULL);
INSERT INTO guilds_terrorzones VALUES('Bloody Foothills, Frigid Highlands and Abaddon','Bloody Foothills, Frigid Highlands and Abaddon','Кровавые предгорья, Мерзлое нагорье и Абаддон','V','Fire, Cold, Lighting, Poison, Physical, Magic','Огонь, Холод, Молния, Яд, Физический, Магический','19-25','Dac Farren, Shenk The Overseer, Eldritch the Rectifier, Sharptooth Slayer and Eyeback the Unleashed',NULL,NULL);
INSERT INTO guilds_terrorzones VALUES('Burial Grounds, The Crypt, and The Mausoleum','Burial Grounds, The Crypt, and The Mausoleum','Погост, Мавзолей и Склеп','I','Lightning','Молния','8-10','Blood Raven and Bonebreaker',2,NULL);
INSERT INTO guilds_terrorzones VALUES('Cathedral and Catacombs','Cathedral and Catacombs','Собор и Катакомбы','I','Fire, Lightning, Physical, Cold','Огонь, Молния, Физический, Холод','27-35','Bone Ash and Andariel',NULL,NULL);
INSERT INTO guilds_terrorzones VALUES('Chaos Sanctuary','Chaos Sanctuary','Святилище Хаоса','IV','Fire, Cold, Lighting','Огонь, Холод, Молния','6-7','Grand Vizier of Chaos, Infector of Souls, Lord De Seis and Diablo',NULL,NULL);
INSERT INTO guilds_terrorzones VALUES('Cold Plains and The Cave','Cold Plains and The Cave','Стылые равнины и Пещера','I','Lightning, Cold, Fire','Молния, Холод, Огонь','13-16','Bishibosh and Coldcrow',1,NULL);
INSERT INTO guilds_terrorzones VALUES('Crystalline Passage and Frozen River','Crystalline Passage and Frozen River','Ледяные пещеры и Замершая река','V','Fire, Cold, Poison, Physical, Lighting, Magic','Огонь, Холод, Яд, Физический, Молния, Магический','13-17','Frozenstein',NULL,NULL);
INSERT INTO guilds_terrorzones VALUES('Dark Wood and Underground Passage','Dark Wood and Underground Passage','Темнолесье и подземный проход','I','Fire, Cold, Lightning, Poison','Огонь, Холод, Молния, Яд','16-22','Treehead Woodfist',1,NULL);
INSERT INTO guilds_terrorzones VALUES('Dry Hills and Halls of the Dead','Dry Hills and Halls of the Dead','Иссохшие холмы и Чертоги Мертвых','II','Lightning, Poison, Fire, Col','Молния, Яд, Огонь, Холод','20-27','Bloodwitch the Wild',NULL,NULL);
INSERT INTO guilds_terrorzones VALUES('Durance of Hate','Durance of Hate','Узилище Ненависти','III','Cold, Fire, Lighting, Poison','Холод, Огонь, Молния, Яд','15-21','Wyand Voidbringer, Maffer Dragonhand, Bremm Sparkfist and Mephisto',NULL,NULL);
INSERT INTO guilds_terrorzones VALUES('Far Oasis','Far Oasis','Дальний оазис','II','Lightning, Poison, Physical','Молния, Яд, Физический','7-9','Beetleburst',NULL,NULL);
INSERT INTO guilds_terrorzones VALUES('Flayer Jungle and Flayer Dungeon','Flayer Jungle and Flayer Dungeon','Джунгли свежевателей и Подземелье свежевателей','III','Fire, Cold, Lighting, Poison, Magic, Physical','Огонь, Холод, Молния, Яд, Магический, Физический','22-29','Stormtree and Witch Doctor Endugu',NULL,NULL);
INSERT INTO guilds_terrorzones VALUES('Frigid Highlands','Frigid Highlands','Мерзлое нагорье','V','Fire, Cold, Lighting, Poison, Physical, Magic','Огонь, Холод, Молния, Яд, Физический, Магический','9-11','Eldritch the Rectifier, Sharptooth Slayer and Eyeback the Unleashed',NULL,NULL);
INSERT INTO guilds_terrorzones VALUES('Glacial Trail and Drifter Cavern','Glacial Trail and Drifter Cavern','Ледовый ход','V','Fire, Cold, Lighting, Poison, Physical','Огонь, Холод, Молния, Яд, Физический','13-17','Bonesaw Breaker',NULL,NULL);
INSERT INTO guilds_terrorzones VALUES('Great Marsh','Great Marsh','Великое болото','III','Cold, Lighting, Fire','Холод, Молния,  Огонь','10-15',NULL,NULL,NULL);
INSERT INTO guilds_terrorzones VALUES('Jail and Barracks','Jail and Barracks','Тюрьма и бараки','I','Fire, Lightning, Poison, Physical','Огонь, Молния, Яд, Физический','24-32','Pitspawn Fouldog and The Smith',NULL,NULL);
INSERT INTO guilds_terrorzones VALUES('Kurast Bazaar, Ruined Temple, and Disused Fane','Kurast Bazaar, Ruined Temple, and Disused Fane','Курастский базар, Разрушенный храм и Заброшенная церковь','III','Fire, Cold, Physical, Magic, Lighting, Poison','Огонь, Холод, Физический, Магический, Молния, Яд','15-17','Battlemaid Sarina',NULL,NULL);
INSERT INTO guilds_terrorzones VALUES('Kurast Sewers','Kurast Sewers','Стоки Кураста','III','Cold, Lighting, Poison, Magic','Холод, Молния, Яд, Магический','12-14','Icehawk Riftwing',1,NULL);
INSERT INTO guilds_terrorzones VALUES('Lost City, Valley of Snakes, and Claw Viper Temple','Lost City, Valley of Snakes, and Claw Viper Temple','Затерянный город, Долина змей и Храм Когтистой Гадюки','II','Fire, Cold, Lighting, Poison, Magic','Огонь, Холод, Молния, Яд, Магический','21-28','Dark Elder and Fangskin',NULL,NULL);
INSERT INTO guilds_terrorzones VALUES('Moo Moo Farm','Moo Moo Farm','Секретный коровия уровень','I','','','6-8','The Cow King',NULL,NULL);
INSERT INTO guilds_terrorzones VALUES('Nihlathak''s Temple, Halls of Anguish, Halls of Pain, and Halls of Vaught','Nihlathak''s Temple, Halls of Anguish, Halls of Pain, and Halls of Vaught','Храм Нильятака, Чертоги Мучений, Чертоги Боли и Чертоги Воута','V','Cold, Fire, Lighting, Poison, Physical, Magic','Холод, Огонь, Молния, Яд, Физический, Магический','12-14','Pindleskin and Nihlathak',NULL,NULL);
INSERT INTO guilds_terrorzones VALUES('Outer Steppes and Plains of Despair','Outer Steppes and Plains of Despair','Рубежные степи и Долина Отчаяния','IV','Fire, Lightning, Cold, Poison','Огонь, Молния, Холод, Яд','16-20','Izual',NULL,NULL);
INSERT INTO guilds_terrorzones VALUES('River of Flame and City of the Damned','River of Flame and City of the Damned','Город проклятых и Огненая река','IV','Fire, Cold, Lighting, Poison','Огонь, Холод, Молния, Яд','14-17','Hephasto The Armorer',NULL,NULL);
INSERT INTO guilds_terrorzones VALUES('Rocky Waste and Stony Tomb','Rocky Waste and Stony Tomb','Каменистая пустошь и Каменная гробница','II','Fire, Cold, Lighting, Magic, Poison','Огонь, Холод, Молния, Магический, Яд','17-23','Creeping Feature',1,NULL);
INSERT INTO guilds_terrorzones VALUES('Sewers','Lut Gholein Sewers','Стоки Лут Голейна','II','Fire, Cold, Poison, Magic','Огонь, Холод, Яд, Магический','18-24','Radament',NULL,NULL);
INSERT INTO guilds_terrorzones VALUES('Spider Forest and Spider Cavern','Spider Forest and Spider Cavern','Паучий Лес и Паучья Пещера','III','Cold, Lighting, Poison, Fire','Холод, Молния, Яд, Огонь','14-20','Sszark The Burning',NULL,NULL);
INSERT INTO guilds_terrorzones VALUES('Stony Field','Stony Field','Каменистое поле','I','Fire, Cold, Lightning, Poison','Огонь, Холод, Молния, Яд','7-9','Rakanishu',NULL,NULL);
INSERT INTO guilds_terrorzones VALUES('Tal Rasha''s Tombs and Tal Rasha''s Chamber','Tal Rasha''s Tombs and Tal Rasha''s Chamber','Гробницы Тал Раши','II','Fire, Cold, Lighting, Poison, Magic','Огонь, Холод, Молния, Яд, Магический','49-63','Ancient Kaa The Soulless and Duriel',6,NULL);
INSERT INTO guilds_terrorzones VALUES('The Forgotten Tower','The Forgotten Tower','Заброшенная башня','I','Fire, Cold, Physical','Огонь, Холод, Физический','7-9','The Countess',NULL,NULL);
INSERT INTO guilds_terrorzones VALUES('The Pit','The Pit','Яма','I','Fire, Cold, Lightning','Огонь, Холод, Молния','8-11',NULL,1,NULL);
INSERT INTO guilds_terrorzones VALUES('Travincal','Travincal','Травинкаль','III','Cold, Fire, Lighting, Poison','Холод, Огонь, Молния, Яд','6-8','Ismail Vilehand, Toorc Icefist and Geleb Flamefinger',NULL,NULL);
INSERT INTO guilds_terrorzones VALUES('Tristram','Tristram','Тристрам','I','Fire, Lightning, Poison','Огонь, Молния, Яд','5-6','Griswold',NULL,NULL);
INSERT INTO guilds_terrorzones VALUES('Worldstone Keep, Throne of Destruction, and Worldstone Chamber','Worldstone Keep, Throne of Destruction, and Worldstone Chamber','Цитадель Мироздания, Престол Разрушения и Святилище Мироздания','V','Fire, Cold, Lighting, Poison, Physical, Magic','Огонь, Холод, Молния, Яд, Физический, Магический','22-29','Colenzo The Annihilator, Achmel The Cursed, Bartuc The Bloody, Ventar The Unholy, Lister The Tormentor and Baal',NULL,NULL);
CREATE TABLE IF NOT EXISTS "guilds_settings" ("id" bigint NOT NULL PRIMARY KEY, "name" varchar(150) NOT NULL, "max_time" integer unsigned NOT NULL CHECK ("max_time" >= 0), "fasttrade_channel_time" integer unsigned NOT NULL CHECK ("fasttrade_channel_time" >= 0), "clone_channel_id" bigint NULL REFERENCES "guilds_channels" ("id") DEFERRABLE INITIALLY DEFERRED, "fasttrade_channel_id" bigint NULL REFERENCES "guilds_channels" ("id") DEFERRABLE INITIALLY DEFERRED, "fasttrade_channel_role_id" bigint NULL REFERENCES "guilds_roles" ("id") DEFERRABLE INITIALLY DEFERRED, "terror_channel_id" bigint NULL REFERENCES "guilds_channels" ("id") DEFERRABLE INITIALLY DEFERRED);
INSERT INTO guilds_settings VALUES(1023653693461106831,'TestBotDiabloResurected',7,20,1023919449356640266,1043231023560933406,1052226061271842908,1037360242683559976);
CREATE TABLE IF NOT EXISTS "django_session" ("session_key" varchar(40) NOT NULL PRIMARY KEY, "session_data" text NOT NULL, "expire_date" datetime NOT NULL);
INSERT INTO django_session VALUES('yzbc3e5jk8oauckswjdcvjvar9915j4m','.eJxVjMsOwiAQAP-FsyE8SqEevfcbyC67SNWUpLQn478bkh70OjOZt4hw7CUejbe4kLgKLS6_DCE9ee2CHrDeq0x13bcFZU_kaZucK_HrdrZ_gwKt9G0CR5itdirjMJqAGokUmaRJZ0oDBW_9aA04ZE1-YjUFg4B-shxYic8XANo4gQ:1qKfdt:EpKd1X1JvcJsMFlUZ0Iz0PqOsrVMCPImEO5hS_TMU-c','2023-07-29 13:49:01.804055');
CREATE TABLE IF NOT EXISTS "users_discorduser" ("id" bigint NOT NULL PRIMARY KEY, "username" varchar(200) NOT NULL UNIQUE, "discriminator" varchar(50) NOT NULL, "bot" bool NOT NULL, "joined_at" datetime NOT NULL);
INSERT INTO users_discorduser VALUES(1023904638992396330,'BotDiabloTerrorZone','5266',1,'2022-12-23 13:15:34.813000');
INSERT INTO users_discorduser VALUES(159985870458322944,'MEE6','4876',1,'2023-02-20 12:59:19.249000');
INSERT INTO users_discorduser VALUES(310848622642069504,'JuniperBot','6999',1,'2023-02-18 23:54:13.142866');
INSERT INTO users_discorduser VALUES(458950656883949578,'qordes','0',0,'2022-09-26 18:15:09.877000');
INSERT INTO users_discorduser VALUES(649269630531010570,'vladmerk','0',0,'2022-09-25 17:54:19.177000');
INSERT INTO users_discorduser VALUES(904973089052450816,'foto_ed','0',0,'2022-09-26 18:23:29.782000');
DELETE FROM sqlite_sequence;
INSERT INTO sqlite_sequence VALUES('django_migrations',21);
INSERT INTO sqlite_sequence VALUES('django_admin_log',2);
INSERT INTO sqlite_sequence VALUES('django_content_type',11);
INSERT INTO sqlite_sequence VALUES('auth_permission',44);
INSERT INTO sqlite_sequence VALUES('auth_group',0);
INSERT INTO sqlite_sequence VALUES('auth_user',1);
CREATE UNIQUE INDEX "auth_group_permissions_group_id_permission_id_0cd325b0_uniq" ON "auth_group_permissions" ("group_id", "permission_id");
CREATE INDEX "auth_group_permissions_group_id_b120cbf9" ON "auth_group_permissions" ("group_id");
CREATE INDEX "auth_group_permissions_permission_id_84c5c92e" ON "auth_group_permissions" ("permission_id");
CREATE UNIQUE INDEX "auth_user_groups_user_id_group_id_94350c0c_uniq" ON "auth_user_groups" ("user_id", "group_id");
CREATE INDEX "auth_user_groups_user_id_6a12ed8b" ON "auth_user_groups" ("user_id");
CREATE INDEX "auth_user_groups_group_id_97559544" ON "auth_user_groups" ("group_id");
CREATE UNIQUE INDEX "auth_user_user_permissions_user_id_permission_id_14a6b632_uniq" ON "auth_user_user_permissions" ("user_id", "permission_id");
CREATE INDEX "auth_user_user_permissions_user_id_a95ead1b" ON "auth_user_user_permissions" ("user_id");
CREATE INDEX "auth_user_user_permissions_permission_id_1fbb5f2c" ON "auth_user_user_permissions" ("permission_id");
CREATE INDEX "django_admin_log_content_type_id_c4bce8eb" ON "django_admin_log" ("content_type_id");
CREATE INDEX "django_admin_log_user_id_c564eba6" ON "django_admin_log" ("user_id");
CREATE UNIQUE INDEX "django_content_type_app_label_model_76bd3d3b_uniq" ON "django_content_type" ("app_label", "model");
CREATE UNIQUE INDEX "auth_permission_content_type_id_codename_01ab375a_uniq" ON "auth_permission" ("content_type_id", "codename");
CREATE INDEX "auth_permission_content_type_id_2f476e4b" ON "auth_permission" ("content_type_id");
CREATE INDEX "guilds_terrorzones_role_id_6d554448" ON "guilds_terrorzones" ("role_id");
CREATE INDEX "guilds_settings_clone_channel_id_d82dba9a" ON "guilds_settings" ("clone_channel_id");
CREATE INDEX "guilds_settings_fasttrade_channel_id_2727a535" ON "guilds_settings" ("fasttrade_channel_id");
CREATE INDEX "guilds_settings_fasttrade_channel_role_id_eb6d7821" ON "guilds_settings" ("fasttrade_channel_role_id");
CREATE INDEX "guilds_settings_terror_channel_id_a9256192" ON "guilds_settings" ("terror_channel_id");
CREATE INDEX "django_session_expire_date_a5c62663" ON "django_session" ("expire_date");
CREATE UNIQUE INDEX "users_discorduser_id_username_2b78a109_uniq" ON "users_discorduser" ("id", "username");
COMMIT;
